Summary,Issue key,Issue id,Issue Type,Status,Project key,Project name,Project type,Project lead,Project lead id,Project description,Priority,Resolution,Assignee,Assignee Id,Reporter,Reporter Id,Creator,Creator Id,Created,Updated,Last Viewed,Resolved,Fix versions,Due date,Votes,Description,Environment,Watchers,Watchers Id,Original estimate,Remaining Estimate,Time Spent,Work Ratio,Σ Original Estimate,Σ Remaining Estimate,Σ Time Spent,Security Level,Custom field (Actual end),Custom field (Actual start),Custom field (Approvals),Custom field (Change reason),Custom field (Change risk),Custom field (Change type),Custom field (Development),Custom field (Epic Color),Custom field (Epic Name),Custom field (Epic Status),Custom field (Focus Areas),Custom field (Goals),Custom field (Impact),Custom field (Issue color),Custom field (Locked forms),Custom field (Open forms),Custom field (Project overview key),Custom field (Project overview status),Custom field (Rank),Custom field (Request Type),Custom field (Sentiment),Sprint,Custom field (Start date),Custom field (Story Points),Custom field (Story point estimate),Custom field (Submitted forms),Custom field (Target end),Custom field (Target start),Custom field (Team),Custom field (Total forms),Custom field (Vulnerability),Custom field (Vulnerability),Custom field ([CHART] Date of First Response),Custom field ([CHART] Time in Status),Parent,Parent key,Parent summary,Status Category,Status Category Changed
HOME PAGE,JP1-34,10100,Task,To Do,JP1,Jira Proj 1,software,Nakul Kalra,63e64a74c2b1cb6b347595a1,,Medium,,,,Nakul Kalra,63e64a74c2b1cb6b347595a1,Nakul Kalra,63e64a74c2b1cb6b347595a1,01/Apr/26 2:57 PM,02/Apr/26 9:43 AM,02/Apr/26 9:42 AM,,,,0,,,Nakul Kalra,63e64a74c2b1cb6b347595a1,,,,,,,,,,,com.atlassian.servicedesk.plugins.approvals.internal.customfield.ApprovalsCFValue@638dbd8b,,,,,,,,,,,,,,,,0|hzzzzr:,,,,,,,,,,,,,,,,,,,To Do,01/Apr/26 2:57 PM
USER MANAGEMENT,JP1-1,10053,Epic,In Progress,JP1,Jira Proj 1,software,Nakul Kalra,63e64a74c2b1cb6b347595a1,,Highest,,,,Nakul Kalra,63e64a74c2b1cb6b347595a1,Nakul Kalra,63e64a74c2b1cb6b347595a1,01/Apr/26 11:29 AM,02/Apr/26 11:30 AM,01/Apr/26 11:30 AM,,RELEASE1,03/Apr/26 12:00 AM,0,,,Nakul Kalra,63e64a74c2b1cb6b347595a1,,,,,,,,,,,com.atlassian.servicedesk.plugins.approvals.internal.customfield.ApprovalsCFValue@69962ecc,,,,,ghx-label-10,,To Do,,,,blue,,,,,0|i0003j:,,,JP1 Sprint 1,01/Apr/26 12:00 AM,,,,,,,,,,,,,,,In Progress,02/Apr/26 11:30 AM
PROFILE MANAGEMENT,JP1-2,10054,Epic,To Do,JP1,Jira Proj 1,software,Nakul Kalra,63e64a74c2b1cb6b347595a1,,Highest,,,,Nakul Kalra,63e64a74c2b1cb6b347595a1,Nakul Kalra,63e64a74c2b1cb6b347595a1,01/Apr/26 11:31 AM,01/Apr/26 11:34 AM,01/Apr/26 11:33 AM,,RELEASE1,03/Apr/26 12:00 AM,0,,,Nakul Kalra,63e64a74c2b1cb6b347595a1,,,,,,,,,,,com.atlassian.servicedesk.plugins.approvals.internal.customfield.ApprovalsCFValue@7b04fd79,,,,,ghx-label-3,,To Do,,,,yellow,,,,,0|i0003r:,,,JP1 Sprint 1,01/Apr/26 12:00 AM,,,,,,,,,,,,,,,To Do,01/Apr/26 11:31 AM
COURSE MANAGEMENT,JP1-3,10055,Epic,To Do,JP1,Jira Proj 1,software,Nakul Kalra,63e64a74c2b1cb6b347595a1,,High,,,,Nakul Kalra,63e64a74c2b1cb6b347595a1,Nakul Kalra,63e64a74c2b1cb6b347595a1,01/Apr/26 11:34 AM,01/Apr/26 11:34 AM,,,RELEASE1,04/Apr/26 12:00 AM,0,,,Nakul Kalra,63e64a74c2b1cb6b347595a1,,,,,,,,,,,com.atlassian.servicedesk.plugins.approvals.internal.customfield.ApprovalsCFValue@47b4808f,,,,,ghx-label-4,,To Do,,,,dark_blue,,,,,0|i0003z:,,,JP1 Sprint 1,02/Apr/26 12:00 AM,,,,,,,,,,,,,,,To Do,01/Apr/26 11:34 AM
VIDEO,JP1-4,10056,Epic,To Do,JP1,Jira Proj 1,software,Nakul Kalra,63e64a74c2b1cb6b347595a1,,Highest,,,,Nakul Kalra,63e64a74c2b1cb6b347595a1,Nakul Kalra,63e64a74c2b1cb6b347595a1,01/Apr/26 11:36 AM,01/Apr/26 2:00 PM,01/Apr/26 2:00 PM,,RELEASE1,04/Apr/26 12:00 AM,0,,,Nakul Kalra,63e64a74c2b1cb6b347595a1,,,,,,,,,,,com.atlassian.servicedesk.plugins.approvals.internal.customfield.ApprovalsCFValue@44a1b6ec,,,,,ghx-label-13,,To Do,,,,dark_green,,,,,0|i00047:,,,JP1 Sprint 1,03/Apr/26 12:00 AM,,,,,,,,,,,,,,,To Do,01/Apr/26 11:36 AM
USER SHOULD BE ABLE TO REGISTER INTO APPLICATION,JP1-5,10057,Story,To Do,JP1,Jira Proj 1,software,Nakul Kalra,63e64a74c2b1cb6b347595a1,,Medium,,,,Nakul Kalra,63e64a74c2b1cb6b347595a1,Nakul Kalra,63e64a74c2b1cb6b347595a1,01/Apr/26 11:54 AM,01/Apr/26 11:56 AM,01/Apr/26 2:39 PM,,RELEASE1,,0,,,Nakul Kalra,63e64a74c2b1cb6b347595a1,,,,,,,,,,,com.atlassian.servicedesk.plugins.approvals.internal.customfield.ApprovalsCFValue@641487dc,,,,,,,,,,,,,,,,0|i0004f:,,,JP1 Sprint 1,,,,,,,,,,,,,10004,FDA-1,USER MANAGEMENT,To Do,01/Apr/26 11:54 AM
USER SHOULD BE ABLE TO LOGIN INTO THE APPLICAITON,JP1-6,10058,Story,To Do,JP1,Jira Proj 1,software,Nakul Kalra,63e64a74c2b1cb6b347595a1,,Medium,,,,Nakul Kalra,63e64a74c2b1cb6b347595a1,Nakul Kalra,63e64a74c2b1cb6b347595a1,01/Apr/26 11:57 AM,01/Apr/26 2:01 PM,01/Apr/26 2:04 PM,,,,0,,,Nakul Kalra,63e64a74c2b1cb6b347595a1,,,,,,,,,,,com.atlassian.servicedesk.plugins.approvals.internal.customfield.ApprovalsCFValue@1951e658,,,,,,,,,,,,,,,,0|i0004n:,,,JP1 Sprint 1,,,,,,,,,,,,,10053,JP1-1,USER MANAGEMENT,To Do,01/Apr/26 11:57 AM
USER SHOULD BE ABLE TO RESET THE PASSWORD USING FORGOT PASSWORD,JP1-7,10059,Story,To Do,JP1,Jira Proj 1,software,Nakul Kalra,63e64a74c2b1cb6b347595a1,,Medium,,,,Nakul Kalra,63e64a74c2b1cb6b347595a1,Nakul Kalra,63e64a74c2b1cb6b347595a1,01/Apr/26 11:58 AM,01/Apr/26 2:01 PM,,,,,0,,,Nakul Kalra,63e64a74c2b1cb6b347595a1,,,,,,,,,,,com.atlassian.servicedesk.plugins.approvals.internal.customfield.ApprovalsCFValue@34d1f7b3,,,,,,,,,,,,,,,,0|i0004v:,,,JP1 Sprint 1,,,,,,,,,,,,,10053,JP1-1,USER MANAGEMENT,To Do,01/Apr/26 11:58 AM
USER SHOULD BE ABLE TO UPDATE THEIR ACCOUNT,JP1-8,10060,Story,To Do,JP1,Jira Proj 1,software,Nakul Kalra,63e64a74c2b1cb6b347595a1,,Medium,,,,Nakul Kalra,63e64a74c2b1cb6b347595a1,Nakul Kalra,63e64a74c2b1cb6b347595a1,01/Apr/26 11:58 AM,01/Apr/26 2:01 PM,,,,,0,,,Nakul Kalra,63e64a74c2b1cb6b347595a1,,,,,,,,,,,com.atlassian.servicedesk.plugins.approvals.internal.customfield.ApprovalsCFValue@464b2a7a,,,,,,,,,,,,,,,,0|i00053:,,,JP1 Sprint 1,,,,,,,,,,,,,10054,JP1-2,PROFILE MANAGEMENT,To Do,01/Apr/26 11:58 AM
USER SHOULD BE ABLE TO SEE THE COURSES,JP1-9,10061,Story,To Do,JP1,Jira Proj 1,software,Nakul Kalra,63e64a74c2b1cb6b347595a1,,Medium,,,,Nakul Kalra,63e64a74c2b1cb6b347595a1,Nakul Kalra,63e64a74c2b1cb6b347595a1,01/Apr/26 11:59 AM,01/Apr/26 2:01 PM,,,,,0,,,Nakul Kalra,63e64a74c2b1cb6b347595a1,,,,,,,,,,,com.atlassian.servicedesk.plugins.approvals.internal.customfield.ApprovalsCFValue@2abe0209,,,,,,,,,,,,,,,,0|i0005b:,,,JP1 Sprint 1,,,,,,,,,,,,,10055,JP1-3,COURSE MANAGEMENT,To Do,01/Apr/26 11:59 AM
USER SHOULD BE ABLE TO ENROLL INTO A COURSE,JP1-10,10062,Story,To Do,JP1,Jira Proj 1,software,Nakul Kalra,63e64a74c2b1cb6b347595a1,,Medium,,,,Nakul Kalra,63e64a74c2b1cb6b347595a1,Nakul Kalra,63e64a74c2b1cb6b347595a1,01/Apr/26 12:00 PM,01/Apr/26 2:02 PM,,,,,0,,,Nakul Kalra,63e64a74c2b1cb6b347595a1,,,,,,,,,,,com.atlassian.servicedesk.plugins.approvals.internal.customfield.ApprovalsCFValue@685fa9a3,,,,,,,,,,,,,,,,0|i0005j:,,,JP1 Sprint 1,,,,,,,,,,,,,10055,JP1-3,COURSE MANAGEMENT,To Do,01/Apr/26 12:00 PM
USER SHOULD BE ABLE TO CHECK HIS ENROLLED COURSE,JP1-11,10063,Story,To Do,JP1,Jira Proj 1,software,Nakul Kalra,63e64a74c2b1cb6b347595a1,,Medium,,,,Nakul Kalra,63e64a74c2b1cb6b347595a1,Nakul Kalra,63e64a74c2b1cb6b347595a1,01/Apr/26 12:02 PM,01/Apr/26 2:02 PM,01/Apr/26 12:03 PM,,,,0,,,Nakul Kalra,63e64a74c2b1cb6b347595a1,,,,,,,,,,,com.atlassian.servicedesk.plugins.approvals.internal.customfield.ApprovalsCFValue@3952dcf2,,,,,,,,,,,,,,,,0|i0005r:,,,JP1 Sprint 1,,,,,,,,,,,,,10055,JP1-3,COURSE MANAGEMENT,To Do,01/Apr/26 12:02 PM
USER SHOULD BE ABLE TO CHECK HIS PROGRESS,JP1-12,10064,Story,To Do,JP1,Jira Proj 1,software,Nakul Kalra,63e64a74c2b1cb6b347595a1,,Medium,,,,Nakul Kalra,63e64a74c2b1cb6b347595a1,Nakul Kalra,63e64a74c2b1cb6b347595a1,01/Apr/26 12:04 PM,01/Apr/26 2:02 PM,,,,,0,,,Nakul Kalra,63e64a74c2b1cb6b347595a1,,,,,,,,,,,com.atlassian.servicedesk.plugins.approvals.internal.customfield.ApprovalsCFValue@57ac6153,,,,,,,,,,,,,,,,0|i0005z:,,,JP1 Sprint 1,,,,,,,,,,,,,10055,JP1-3,COURSE MANAGEMENT,To Do,01/Apr/26 12:04 PM
USER SHOULD BE ABLE TO CONTINUE WHERE HE LEFT THE VIDEO,JP1-13,10065,Story,To Do,JP1,Jira Proj 1,software,Nakul Kalra,63e64a74c2b1cb6b347595a1,,Medium,,,,Nakul Kalra,63e64a74c2b1cb6b347595a1,Nakul Kalra,63e64a74c2b1cb6b347595a1,01/Apr/26 12:04 PM,01/Apr/26 2:02 PM,01/Apr/26 2:47 PM,,,,0,,,Nakul Kalra,63e64a74c2b1cb6b347595a1,,,,,,,,,,,com.atlassian.servicedesk.plugins.approvals.internal.customfield.ApprovalsCFValue@272e3ebb,,,,,,,,,,,,,,,,0|i00067:,,,JP1 Sprint 1,,,,,,,,,,,,,10056,JP1-4,VIDEO,To Do,01/Apr/26 12:04 PM
USER SHOULD BE ABLE TO WATCH A VIDEO USING VIDEO PLAYER,JP1-14,10066,Story,To Do,JP1,Jira Proj 1,software,Nakul Kalra,63e64a74c2b1cb6b347595a1,,Medium,,,,Nakul Kalra,63e64a74c2b1cb6b347595a1,Nakul Kalra,63e64a74c2b1cb6b347595a1,01/Apr/26 12:05 PM,01/Apr/26 2:02 PM,,,,,0,,,Nakul Kalra,63e64a74c2b1cb6b347595a1,,,,,,,,,,,com.atlassian.servicedesk.plugins.approvals.internal.customfield.ApprovalsCFValue@658f81e0,,,,,,,,,,,,,,,,0|i0006f:,,,JP1 Sprint 1,,,,,,,,,,,,,10056,JP1-4,VIDEO,To Do,01/Apr/26 12:05 PM
USER SHOULD BE ABLE TO SEE REVIEWS AND RATING,JP1-15,10067,Story,To Do,JP1,Jira Proj 1,software,Nakul Kalra,63e64a74c2b1cb6b347595a1,,Medium,,,,Nakul Kalra,63e64a74c2b1cb6b347595a1,Nakul Kalra,63e64a74c2b1cb6b347595a1,01/Apr/26 12:06 PM,01/Apr/26 2:02 PM,,,,,0,,,Nakul Kalra,63e64a74c2b1cb6b347595a1,,,,,,,,,,,com.atlassian.servicedesk.plugins.approvals.internal.customfield.ApprovalsCFValue@78a10a45,,,,,,,,,,,,,,,,0|i0006n:,,,JP1 Sprint 1,,,,,,,,,,,,,10069,JP1-17,REVIEW,To Do,01/Apr/26 12:06 PM
USER SHOULD BE ABLE TO SUBMIT THE REVIEW,JP1-16,10068,Story,To Do,JP1,Jira Proj 1,software,Nakul Kalra,63e64a74c2b1cb6b347595a1,,Medium,,,,Nakul Kalra,63e64a74c2b1cb6b347595a1,Nakul Kalra,63e64a74c2b1cb6b347595a1,01/Apr/26 12:06 PM,01/Apr/26 2:02 PM,,,,,0,,,Nakul Kalra,63e64a74c2b1cb6b347595a1,,,,,,,,,,,com.atlassian.servicedesk.plugins.approvals.internal.customfield.ApprovalsCFValue@572911bd,,,,,,,,,,,,,,,,0|i0006v:,,,JP1 Sprint 1,,,,,,,,,,,,,10069,JP1-17,REVIEW,To Do,01/Apr/26 12:06 PM
REVIEW,JP1-17,10069,Epic,To Do,JP1,Jira Proj 1,software,Nakul Kalra,63e64a74c2b1cb6b347595a1,,Medium,,,,Nakul Kalra,63e64a74c2b1cb6b347595a1,Nakul Kalra,63e64a74c2b1cb6b347595a1,01/Apr/26 2:01 PM,01/Apr/26 2:01 PM,,,RELEASE1,,0,,,Nakul Kalra,63e64a74c2b1cb6b347595a1,,,,,,,,,,,com.atlassian.servicedesk.plugins.approvals.internal.customfield.ApprovalsCFValue@129e0a9e,,,,,ghx-label-12,,To Do,,,,grey,,,,,0|i00073:,,,,,,,,,,,,,,,,,,,To Do,01/Apr/26 2:01 PM
WRITE FUNCATIONALITY TEST CASE FOR REGISTER MODULE,JP1-18,10070,Task,To Do,JP1,Jira Proj 1,software,Nakul Kalra,63e64a74c2b1cb6b347595a1,,Medium,,,,Nakul Kalra,63e64a74c2b1cb6b347595a1,Nakul Kalra,63e64a74c2b1cb6b347595a1,01/Apr/26 2:41 PM,01/Apr/26 2:41 PM,02/Apr/26 11:16 AM,,,,0,,,Nakul Kalra,63e64a74c2b1cb6b347595a1,,,,,,,,,,,com.atlassian.servicedesk.plugins.approvals.internal.customfield.ApprovalsCFValue@ef98923,,,,,,,,,,,,,,,,0|i0007b:,,,JP1 Sprint 1,,,,,,,,,,,,,,,,To Do,01/Apr/26 2:41 PM
WRITE FUNCTINALITY TEST CASE FOR FULL NAME FIELD,JP1-19,10072,Sub-task,Done,JP1,Jira Proj 1,software,Nakul Kalra,63e64a74c2b1cb6b347595a1,,Medium,Done,Nakul Kalra,63e64a74c2b1cb6b347595a1,Nakul Kalra,63e64a74c2b1cb6b347595a1,Nakul Kalra,63e64a74c2b1cb6b347595a1,01/Apr/26 2:49 PM,02/Apr/26 11:06 AM,02/Apr/26 10:59 AM,02/Apr/26 11:06 AM,,,0,,,Nakul Kalra,63e64a74c2b1cb6b347595a1,,,,,,,,,,,com.atlassian.servicedesk.plugins.approvals.internal.customfield.ApprovalsCFValue@3aebc756,,,,,,,,,,,,,,,,0|i0007j:,,,JP1 Sprint 1,,,,,,,,,,,,10007_*:*_1_*:*_72765994_*|*_3_*:*_1_*:*_0,10070,JP1-18,WRITE FUNCATIONALITY TEST CASE FOR REGISTER MODULE,Done,02/Apr/26 11:06 AM
WRITE FUNCTINALITY TEST CASE FOR EMAIL ID FIELD,JP1-20,10074,Sub-task,Done,JP1,Jira Proj 1,software,Nakul Kalra,63e64a74c2b1cb6b347595a1,,Medium,Done,Nakul Kalra,63e64a74c2b1cb6b347595a1,Nakul Kalra,63e64a74c2b1cb6b347595a1,Nakul Kalra,63e64a74c2b1cb6b347595a1,01/Apr/26 2:50 PM,02/Apr/26 11:06 AM,,02/Apr/26 11:06 AM,,,0,,,Nakul Kalra,63e64a74c2b1cb6b347595a1,,,,,,,,,,,com.atlassian.servicedesk.plugins.approvals.internal.customfield.ApprovalsCFValue@48e4b9d8,,,,,,,,,,,,,,,,0|i0007r:,,,JP1 Sprint 1,,,,,,,,,,,,10007_*:*_1_*:*_72965634_*|*_3_*:*_1_*:*_0,10070,JP1-18,WRITE FUNCATIONALITY TEST CASE FOR REGISTER MODULE,Done,02/Apr/26 11:06 AM
WRITE FUNCTINALITY TEST CASE FOR PHONE NUMBER FIELD,JP1-21,10076,Sub-task,To Do,JP1,Jira Proj 1,software,Nakul Kalra,63e64a74c2b1cb6b347595a1,,Medium,,aadii nairr,712020:996feeb5-da0b-4eb7-8848-3d1c79873997,Nakul Kalra,63e64a74c2b1cb6b347595a1,Nakul Kalra,63e64a74c2b1cb6b347595a1,01/Apr/26 2:51 PM,02/Apr/26 11:06 AM,,,,,0,,,Nakul Kalra,63e64a74c2b1cb6b347595a1,,,,,,,,,,,com.atlassian.servicedesk.plugins.approvals.internal.customfield.ApprovalsCFValue@4716f57d,,,,,,,,,,,,,,,,0|i0007z:,,,JP1 Sprint 1,,,,,,,,,,,,,10070,JP1-18,WRITE FUNCATIONALITY TEST CASE FOR REGISTER MODULE,To Do,01/Apr/26 2:51 PM
WRITE FUNCTINALITY TEST CASE FOR OTP VERIFICATION FIELD,JP1-22,10078,Sub-task,To Do,JP1,Jira Proj 1,software,Nakul Kalra,63e64a74c2b1cb6b347595a1,,Medium,,Nakul Kalra,63e64a74c2b1cb6b347595a1,Nakul Kalra,63e64a74c2b1cb6b347595a1,Nakul Kalra,63e64a74c2b1cb6b347595a1,01/Apr/26 2:52 PM,02/Apr/26 11:08 AM,,,,,0,,,Nakul Kalra,63e64a74c2b1cb6b347595a1,,,,,,,,,,,com.atlassian.servicedesk.plugins.approvals.internal.customfield.ApprovalsCFValue@1b8ad41a,,,,,,,,,,,,,,,,0|i00087:,,,JP1 Sprint 1,,,,,,,,,,,,,10070,JP1-18,WRITE FUNCATIONALITY TEST CASE FOR REGISTER MODULE,To Do,01/Apr/26 2:52 PM
WRITE FUNCTINALITY TEST CASE FOR PASSWORD FIELD,JP1-23,10080,Sub-task,To Do,JP1,Jira Proj 1,software,Nakul Kalra,63e64a74c2b1cb6b347595a1,,Medium,,aadii nairr,712020:996feeb5-da0b-4eb7-8848-3d1c79873997,Nakul Kalra,63e64a74c2b1cb6b347595a1,Nakul Kalra,63e64a74c2b1cb6b347595a1,01/Apr/26 2:52 PM,02/Apr/26 11:08 AM,,,,,0,,,Nakul Kalra,63e64a74c2b1cb6b347595a1,,,,,,,,,,,com.atlassian.servicedesk.plugins.approvals.internal.customfield.ApprovalsCFValue@e5b5cf8,,,,,,,,,,,,,,,,0|i0008f:,,,JP1 Sprint 1,,,,,,,,,,,,,10070,JP1-18,WRITE FUNCATIONALITY TEST CASE FOR REGISTER MODULE,To Do,01/Apr/26 2:52 PM
WRITE FUNCTINALITY TEST CASE FOR CONFIRM PASSWORD FIELD,JP1-24,10082,Sub-task,To Do,JP1,Jira Proj 1,software,Nakul Kalra,63e64a74c2b1cb6b347595a1,,Medium,,Nakul Kalra,63e64a74c2b1cb6b347595a1,Nakul Kalra,63e64a74c2b1cb6b347595a1,Nakul Kalra,63e64a74c2b1cb6b347595a1,01/Apr/26 2:52 PM,02/Apr/26 11:08 AM,,,,,0,,,Nakul Kalra,63e64a74c2b1cb6b347595a1,,,,,,,,,,,com.atlassian.servicedesk.plugins.approvals.internal.customfield.ApprovalsCFValue@20d194ef,,,,,,,,,,,,,,,,0|i0008n:,,,JP1 Sprint 1,,,,,,,,,,,,,10070,JP1-18,WRITE FUNCATIONALITY TEST CASE FOR REGISTER MODULE,To Do,01/Apr/26 2:52 PM
WRITE FUNCTINALITY TEST CASE FOR TERMS AND CONDITION CHECKBOX,JP1-25,10084,Sub-task,To Do,JP1,Jira Proj 1,software,Nakul Kalra,63e64a74c2b1cb6b347595a1,,Medium,,Nakul Kalra,63e64a74c2b1cb6b347595a1,Nakul Kalra,63e64a74c2b1cb6b347595a1,Nakul Kalra,63e64a74c2b1cb6b347595a1,01/Apr/26 2:52 PM,02/Apr/26 11:08 AM,01/Apr/26 2:54 PM,,,,0,,,Nakul Kalra,63e64a74c2b1cb6b347595a1,,,,,,,,,,,com.atlassian.servicedesk.plugins.approvals.internal.customfield.ApprovalsCFValue@4279a091,,,,,,,,,,,,,,,,0|i0008v:,,,JP1 Sprint 1,,,,,,,,,,,,,10070,JP1-18,WRITE FUNCATIONALITY TEST CASE FOR REGISTER MODULE,To Do,01/Apr/26 2:52 PM
WRITE FUNCTINALITY TEST CASE FOR SIGNUP BUTTON,JP1-26,10086,Sub-task,To Do,JP1,Jira Proj 1,software,Nakul Kalra,63e64a74c2b1cb6b347595a1,,Medium,,,,Nakul Kalra,63e64a74c2b1cb6b347595a1,Nakul Kalra,63e64a74c2b1cb6b347595a1,01/Apr/26 2:52 PM,01/Apr/26 2:52 PM,01/Apr/26 2:53 PM,,,,0,,,Nakul Kalra,63e64a74c2b1cb6b347595a1,,,,,,,,,,,com.atlassian.servicedesk.plugins.approvals.internal.customfield.ApprovalsCFValue@8b896c,,,,,,,,,,,,,,,,0|i00093:,,,JP1 Sprint 1,,,,,,,,,,,,,10070,JP1-18,WRITE FUNCATIONALITY TEST CASE FOR REGISTER MODULE,To Do,01/Apr/26 2:52 PM
WRITE FUNCTINALITY TEST CASE FOR SOCIAL LOGIN,JP1-28,10089,Sub-task,To Do,JP1,Jira Proj 1,software,Nakul Kalra,63e64a74c2b1cb6b347595a1,,Medium,,,,Nakul Kalra,63e64a74c2b1cb6b347595a1,Nakul Kalra,63e64a74c2b1cb6b347595a1,01/Apr/26 2:55 PM,01/Apr/26 2:55 PM,,,,,0,,,Nakul Kalra,63e64a74c2b1cb6b347595a1,,,,,,,,,,,com.atlassian.servicedesk.plugins.approvals.internal.customfield.ApprovalsCFValue@639c1e92,,,,,,,,,,,,,,,,0|i0009j:,,,JP1 Sprint 1,,,,,,,,,,,,,10070,JP1-18,WRITE FUNCATIONALITY TEST CASE FOR REGISTER MODULE,To Do,01/Apr/26 2:55 PM
WRITE FUNCTINALITY TEST CASE FOR LOGIN MODULE,JP1-27,10087,Task,To Do,JP1,Jira Proj 1,software,Nakul Kalra,63e64a74c2b1cb6b347595a1,,Medium,,,,Nakul Kalra,63e64a74c2b1cb6b347595a1,Nakul Kalra,63e64a74c2b1cb6b347595a1,01/Apr/26 2:54 PM,01/Apr/26 2:54 PM,02/Apr/26 9:55 AM,,,,0,,,Nakul Kalra,63e64a74c2b1cb6b347595a1,,,,,,,,,,,com.atlassian.servicedesk.plugins.approvals.internal.customfield.ApprovalsCFValue@643e2f5c,,,,,,,,,,,,,,,,0|i0009b:,,,JP1 Sprint 1,,,,,,,,,,,,,,,,To Do,01/Apr/26 2:54 PM
WRITE FUNCTINALITY TEST CASE FOR EMAIL FIELD,JP1-29,10091,Sub-task,To Do,JP1,Jira Proj 1,software,Nakul Kalra,63e64a74c2b1cb6b347595a1,,Medium,,,,Nakul Kalra,63e64a74c2b1cb6b347595a1,Nakul Kalra,63e64a74c2b1cb6b347595a1,01/Apr/26 2:56 PM,01/Apr/26 2:56 PM,,,,,0,,,Nakul Kalra,63e64a74c2b1cb6b347595a1,,,,,,,,,,,com.atlassian.servicedesk.plugins.approvals.internal.customfield.ApprovalsCFValue@13d1b281,,,,,,,,,,,,,,,,0|i0009r:,,,JP1 Sprint 1,,,,,,,,,,,,,10087,JP1-27,WRITE FUNCTINALITY TEST CASE FOR LOGIN MODULE,To Do,01/Apr/26 2:56 PM
WRITE FUNCTINALITY TEST CASE FOR MOBILE NUMBER FIELD,JP1-30,10093,Sub-task,To Do,JP1,Jira Proj 1,software,Nakul Kalra,63e64a74c2b1cb6b347595a1,,Medium,,,,Nakul Kalra,63e64a74c2b1cb6b347595a1,Nakul Kalra,63e64a74c2b1cb6b347595a1,01/Apr/26 2:56 PM,01/Apr/26 2:56 PM,,,,,0,,,Nakul Kalra,63e64a74c2b1cb6b347595a1,,,,,,,,,,,com.atlassian.servicedesk.plugins.approvals.internal.customfield.ApprovalsCFValue@5eb68ee5,,,,,,,,,,,,,,,,0|i0009z:,,,JP1 Sprint 1,,,,,,,,,,,,,10087,JP1-27,WRITE FUNCTINALITY TEST CASE FOR LOGIN MODULE,To Do,01/Apr/26 2:56 PM
WRITE FUNCTINALITY TEST CASE FOR PASSWORD FIELD,JP1-31,10095,Sub-task,To Do,JP1,Jira Proj 1,software,Nakul Kalra,63e64a74c2b1cb6b347595a1,,Medium,,,,Nakul Kalra,63e64a74c2b1cb6b347595a1,Nakul Kalra,63e64a74c2b1cb6b347595a1,01/Apr/26 2:56 PM,01/Apr/26 2:56 PM,,,,,0,,,Nakul Kalra,63e64a74c2b1cb6b347595a1,,,,,,,,,,,com.atlassian.servicedesk.plugins.approvals.internal.customfield.ApprovalsCFValue@549ce32b,,,,,,,,,,,,,,,,0|i000a7:,,,JP1 Sprint 1,,,,,,,,,,,,,10087,JP1-27,WRITE FUNCTINALITY TEST CASE FOR LOGIN MODULE,To Do,01/Apr/26 2:56 PM
WRITE FUNCTINALITY TEST CASE FOR LOGIN BUTTON,JP1-32,10097,Sub-task,To Do,JP1,Jira Proj 1,software,Nakul Kalra,63e64a74c2b1cb6b347595a1,,Medium,,,,Nakul Kalra,63e64a74c2b1cb6b347595a1,Nakul Kalra,63e64a74c2b1cb6b347595a1,01/Apr/26 2:56 PM,01/Apr/26 2:56 PM,,,,,0,,,Nakul Kalra,63e64a74c2b1cb6b347595a1,,,,,,,,,,,com.atlassian.servicedesk.plugins.approvals.internal.customfield.ApprovalsCFValue@5fd90a3f,,,,,,,,,,,,,,,,0|i000af:,,,JP1 Sprint 1,,,,,,,,,,,,,10087,JP1-27,WRITE FUNCTINALITY TEST CASE FOR LOGIN MODULE,To Do,01/Apr/26 2:56 PM
WRITE FUNCTINALITY TEST CASE FOR FORGOT PASSWORD BUTTON,JP1-33,10099,Sub-task,To Do,JP1,Jira Proj 1,software,Nakul Kalra,63e64a74c2b1cb6b347595a1,,Medium,,,,Nakul Kalra,63e64a74c2b1cb6b347595a1,Nakul Kalra,63e64a74c2b1cb6b347595a1,01/Apr/26 2:56 PM,01/Apr/26 2:56 PM,,,,,0,,,Nakul Kalra,63e64a74c2b1cb6b347595a1,,,,,,,,,,,com.atlassian.servicedesk.plugins.approvals.internal.customfield.ApprovalsCFValue@28c235a,,,,,,,,,,,,,,,,0|i000an:,,,JP1 Sprint 1,,,,,,,,,,,,,10087,JP1-27,WRITE FUNCTINALITY TEST CASE FOR LOGIN MODULE,To Do,01/Apr/26 2:56 PM
WRITE FUNCTINALITY TEST CASE FOR HOME PAGE,JP1-35,10133,Task,To Do,JP1,Jira Proj 1,software,Nakul Kalra,63e64a74c2b1cb6b347595a1,,Medium,,,,Nakul Kalra,63e64a74c2b1cb6b347595a1,Nakul Kalra,63e64a74c2b1cb6b347595a1,02/Apr/26 9:39 AM,02/Apr/26 9:39 AM,02/Apr/26 9:58 AM,,RELEASE1,,0,,,Nakul Kalra,63e64a74c2b1cb6b347595a1,,,,,,,,,,,com.atlassian.servicedesk.plugins.approvals.internal.customfield.ApprovalsCFValue@3f464817,,,,,,,,,,,,,,,,0|i000b3:,,,JP1 Sprint 1,,,,,,,,,,,,,,,,To Do,02/Apr/26 9:39 AM
WRITE FUNCTINALITY TEST CASE FOR NAVIGATION,JP1-40,10139,Sub-task,To Do,JP1,Jira Proj 1,software,Nakul Kalra,63e64a74c2b1cb6b347595a1,,Medium,,,,Nakul Kalra,63e64a74c2b1cb6b347595a1,Nakul Kalra,63e64a74c2b1cb6b347595a1,02/Apr/26 9:50 AM,02/Apr/26 9:55 AM,02/Apr/26 11:00 AM,,,,0,,,Nakul Kalra,63e64a74c2b1cb6b347595a1,,,,,,,,,,,com.atlassian.servicedesk.plugins.approvals.internal.customfield.ApprovalsCFValue@47a4ffa0,,,,,,,,,,,,,,,,0|i000c7:,,,JP1 Sprint 1,,,,,,,,,,,,,10133,JP1-35,WRITE FUNCTINALITY TEST CASE FOR HOME PAGE,To Do,02/Apr/26 9:50 AM
WRITE FUNCTINALITY TEST CASE FOR SEACH BAR,JP1-41,10141,Sub-task,To Do,JP1,Jira Proj 1,software,Nakul Kalra,63e64a74c2b1cb6b347595a1,,Medium,,,,Nakul Kalra,63e64a74c2b1cb6b347595a1,Nakul Kalra,63e64a74c2b1cb6b347595a1,02/Apr/26 9:52 AM,02/Apr/26 9:56 AM,,,,,0,,,Nakul Kalra,63e64a74c2b1cb6b347595a1,,,,,,,,,,,com.atlassian.servicedesk.plugins.approvals.internal.customfield.ApprovalsCFValue@24d192fd,,,,,,,,,,,,,,,,0|i000cf:,,,JP1 Sprint 1,,,,,,,,,,,,,10133,JP1-35,WRITE FUNCTINALITY TEST CASE FOR HOME PAGE,To Do,02/Apr/26 9:52 AM
WRITE FUNCTINALITY TEST CASE FOR USER PROFILE ICON,JP1-42,10143,Sub-task,To Do,JP1,Jira Proj 1,software,Nakul Kalra,63e64a74c2b1cb6b347595a1,,Medium,,,,Nakul Kalra,63e64a74c2b1cb6b347595a1,Nakul Kalra,63e64a74c2b1cb6b347595a1,02/Apr/26 9:52 AM,02/Apr/26 9:56 AM,,,,,0,,,Nakul Kalra,63e64a74c2b1cb6b347595a1,,,,,,,,,,,com.atlassian.servicedesk.plugins.approvals.internal.customfield.ApprovalsCFValue@52d4f9c8,,,,,,,,,,,,,,,,0|i000cn:,,,JP1 Sprint 1,,,,,,,,,,,,,10133,JP1-35,WRITE FUNCTINALITY TEST CASE FOR HOME PAGE,To Do,02/Apr/26 9:52 AM
WRITE FUNCTINALITY TEST CASE FOR EDIT PROFILE,JP1-43,10145,Sub-task,To Do,JP1,Jira Proj 1,software,Nakul Kalra,63e64a74c2b1cb6b347595a1,,Medium,,,,Nakul Kalra,63e64a74c2b1cb6b347595a1,Nakul Kalra,63e64a74c2b1cb6b347595a1,02/Apr/26 9:53 AM,02/Apr/26 9:58 AM,02/Apr/26 9:58 AM,,,,0,"FULL NAME

EMAIL

MOBILE NUMBER",,Nakul Kalra,63e64a74c2b1cb6b347595a1,,,,,,,,,,,com.atlassian.servicedesk.plugins.approvals.internal.customfield.ApprovalsCFValue@75edddf,,,,,,,,,,,,,,,,0|i000cv:,,,JP1 Sprint 1,,,,,,,,,,,,,10133,JP1-35,WRITE FUNCTINALITY TEST CASE FOR HOME PAGE,To Do,02/Apr/26 9:53 AM
WRITE FUNCTINALITY TEST CASE FOR CHANGE PASSWORD,JP1-44,10147,Sub-task,To Do,JP1,Jira Proj 1,software,Nakul Kalra,63e64a74c2b1cb6b347595a1,,Medium,,,,Nakul Kalra,63e64a74c2b1cb6b347595a1,Nakul Kalra,63e64a74c2b1cb6b347595a1,02/Apr/26 9:54 AM,02/Apr/26 9:59 AM,02/Apr/26 9:59 AM,,,,0,"CURRENT PASSWORD

NEW PASSWORD

CONFIRM PASSWORD

UPDATE BUTTON",,Nakul Kalra,63e64a74c2b1cb6b347595a1,,,,,,,,,,,com.atlassian.servicedesk.plugins.approvals.internal.customfield.ApprovalsCFValue@325b2b08,,,,,,,,,,,,,,,,0|i000d3:,,,JP1 Sprint 1,,,,,,,,,,,,,10133,JP1-35,WRITE FUNCTINALITY TEST CASE FOR HOME PAGE,To Do,02/Apr/26 9:54 AM
WRITE FUNCTINALITY TEST CASE FOR COURSE LISTING PAGE,JP1-36,10134,Task,To Do,JP1,Jira Proj 1,software,Nakul Kalra,63e64a74c2b1cb6b347595a1,,Medium,,,,Nakul Kalra,63e64a74c2b1cb6b347595a1,Nakul Kalra,63e64a74c2b1cb6b347595a1,02/Apr/26 9:40 AM,02/Apr/26 10:02 AM,02/Apr/26 10:02 AM,,RELEASE1,,0,,,Nakul Kalra,63e64a74c2b1cb6b347595a1,,,,,,,,,,,com.atlassian.servicedesk.plugins.approvals.internal.customfield.ApprovalsCFValue@30276d3a,,,,,,,,,,,,,,,,0|i000bb:,,,JP1 Sprint 1,,,,,,,,,,,,,,,,To Do,02/Apr/26 9:40 AM
WRITE FUNCTINALITY TEST CASE FOR NAVIGATION,JP1-45,10149,Sub-task,To Do,JP1,Jira Proj 1,software,Nakul Kalra,63e64a74c2b1cb6b347595a1,,Medium,,,,Nakul Kalra,63e64a74c2b1cb6b347595a1,Nakul Kalra,63e64a74c2b1cb6b347595a1,02/Apr/26 10:02 AM,02/Apr/26 10:02 AM,,,,,0,,,Nakul Kalra,63e64a74c2b1cb6b347595a1,,,,,,,,,,,com.atlassian.servicedesk.plugins.approvals.internal.customfield.ApprovalsCFValue@ac577e3,,,,,,,,,,,,,,,,0|i000db:,,,JP1 Sprint 1,,,,,,,,,,,,,10134,JP1-36,WRITE FUNCTINALITY TEST CASE FOR COURSE LISTING PAGE,To Do,02/Apr/26 10:02 AM
WRITE FUNCTINALITY TEST CASE FOR COUSE CARD ,JP1-46,10151,Sub-task,To Do,JP1,Jira Proj 1,software,Nakul Kalra,63e64a74c2b1cb6b347595a1,,Medium,,,,Nakul Kalra,63e64a74c2b1cb6b347595a1,Nakul Kalra,63e64a74c2b1cb6b347595a1,02/Apr/26 10:02 AM,02/Apr/26 10:03 AM,02/Apr/26 10:03 AM,,,,0,"COUSE THUBMNAIL

COURSE TITLE

INSTRUCTOR NAME

PRICE

RATING

ENROLL BUTTON",,Nakul Kalra,63e64a74c2b1cb6b347595a1,,,,,,,,,,,com.atlassian.servicedesk.plugins.approvals.internal.customfield.ApprovalsCFValue@267288eb,,,,,,,,,,,,,,,,0|i000dj:,,,JP1 Sprint 1,,,,,,,,,,,,,10134,JP1-36,WRITE FUNCTINALITY TEST CASE FOR COURSE LISTING PAGE,To Do,02/Apr/26 10:02 AM
WRITE FUNCTINALITY TEST CASE FOR COURSE DETAIL PAGE,JP1-47,10152,Task,To Do,JP1,Jira Proj 1,software,Nakul Kalra,63e64a74c2b1cb6b347595a1,,Medium,,,,Nakul Kalra,63e64a74c2b1cb6b347595a1,Nakul Kalra,63e64a74c2b1cb6b347595a1,02/Apr/26 10:04 AM,02/Apr/26 10:04 AM,02/Apr/26 10:04 AM,,,,0,,,Nakul Kalra,63e64a74c2b1cb6b347595a1,,,,,,,,,,,com.atlassian.servicedesk.plugins.approvals.internal.customfield.ApprovalsCFValue@6e251e34,,,,,,,,,,,,,,,,0|i000bf:,,,JP1 Sprint 1,,,,,,,,,,,,,,,,To Do,02/Apr/26 10:04 AM
WRITE FUNCTINALITY TEST CASE FOR COURSE INFORMATION,JP1-48,10154,Sub-task,To Do,JP1,Jira Proj 1,software,Nakul Kalra,63e64a74c2b1cb6b347595a1,,Medium,,,,Nakul Kalra,63e64a74c2b1cb6b347595a1,Nakul Kalra,63e64a74c2b1cb6b347595a1,02/Apr/26 10:04 AM,02/Apr/26 10:05 AM,02/Apr/26 10:05 AM,,,,0,"COURSE TITLE

FULL DESCRIPTION

DURATION

NUMBER OF LECTURES",,Nakul Kalra,63e64a74c2b1cb6b347595a1,,,,,,,,,,,com.atlassian.servicedesk.plugins.approvals.internal.customfield.ApprovalsCFValue@6561412,,,,,,,,,,,,,,,,0|i000dr:,,,JP1 Sprint 1,,,,,,,,,,,,,10152,JP1-47,WRITE FUNCTINALITY TEST CASE FOR COURSE DETAIL PAGE,To Do,02/Apr/26 10:04 AM
WRITE FUNCTINALITY TEST CASE FOR VIDEO PREVIEW,JP1-49,10156,Sub-task,To Do,JP1,Jira Proj 1,software,Nakul Kalra,63e64a74c2b1cb6b347595a1,,Medium,,,,Nakul Kalra,63e64a74c2b1cb6b347595a1,Nakul Kalra,63e64a74c2b1cb6b347595a1,02/Apr/26 10:04 AM,02/Apr/26 10:04 AM,,,,,0,,,Nakul Kalra,63e64a74c2b1cb6b347595a1,,,,,,,,,,,com.atlassian.servicedesk.plugins.approvals.internal.customfield.ApprovalsCFValue@5fc39ff8,,,,,,,,,,,,,,,,0|i000dz:,,,JP1 Sprint 1,,,,,,,,,,,,,10152,JP1-47,WRITE FUNCTINALITY TEST CASE FOR COURSE DETAIL PAGE,To Do,02/Apr/26 10:04 AM
WRITE FUNCTINALITY TEST CASE FOR ENROLL NOW BUTTON,JP1-50,10158,Sub-task,To Do,JP1,Jira Proj 1,software,Nakul Kalra,63e64a74c2b1cb6b347595a1,,Medium,,,,Nakul Kalra,63e64a74c2b1cb6b347595a1,Nakul Kalra,63e64a74c2b1cb6b347595a1,02/Apr/26 10:04 AM,02/Apr/26 10:04 AM,,,,,0,,,Nakul Kalra,63e64a74c2b1cb6b347595a1,,,,,,,,,,,com.atlassian.servicedesk.plugins.approvals.internal.customfield.ApprovalsCFValue@2fe4b9d,,,,,,,,,,,,,,,,0|i000e7:,,,JP1 Sprint 1,,,,,,,,,,,,,10152,JP1-47,WRITE FUNCTINALITY TEST CASE FOR COURSE DETAIL PAGE,To Do,02/Apr/26 10:04 AM
WRITE FUNCTINALITY TEST CASE FOR MY COURSES PAGE,JP1-37,10135,Task,To Do,JP1,Jira Proj 1,software,Nakul Kalra,63e64a74c2b1cb6b347595a1,,Medium,,,,Nakul Kalra,63e64a74c2b1cb6b347595a1,Nakul Kalra,63e64a74c2b1cb6b347595a1,02/Apr/26 9:40 AM,02/Apr/26 9:40 AM,02/Apr/26 10:05 AM,,RELEASE1,,0,,,Nakul Kalra,63e64a74c2b1cb6b347595a1,,,,,,,,,,,com.atlassian.servicedesk.plugins.approvals.internal.customfield.ApprovalsCFValue@35dd1aa4,,,,,,,,,,,,,,,,0|i000bj:,,,JP1 Sprint 1,,,,,,,,,,,,,,,,To Do,02/Apr/26 9:40 AM
WRITE FUNCTINALITY TEST CASE FOR ENROLLED COURSES,JP1-51,10160,Sub-task,To Do,JP1,Jira Proj 1,software,Nakul Kalra,63e64a74c2b1cb6b347595a1,,Medium,,,,Nakul Kalra,63e64a74c2b1cb6b347595a1,Nakul Kalra,63e64a74c2b1cb6b347595a1,02/Apr/26 10:05 AM,02/Apr/26 10:05 AM,,,,,0,,,Nakul Kalra,63e64a74c2b1cb6b347595a1,,,,,,,,,,,com.atlassian.servicedesk.plugins.approvals.internal.customfield.ApprovalsCFValue@5ecd918e,,,,,,,,,,,,,,,,0|i000ef:,,,JP1 Sprint 1,,,,,,,,,,,,,10135,JP1-37,WRITE FUNCTINALITY TEST CASE FOR MY COURSES PAGE,To Do,02/Apr/26 10:05 AM
WRITE FUNCTINALITY TEST CASE FOR COURSE PROGRESS,JP1-52,10162,Sub-task,To Do,JP1,Jira Proj 1,software,Nakul Kalra,63e64a74c2b1cb6b347595a1,,Medium,,,,Nakul Kalra,63e64a74c2b1cb6b347595a1,Nakul Kalra,63e64a74c2b1cb6b347595a1,02/Apr/26 10:05 AM,02/Apr/26 10:05 AM,,,,,0,,,Nakul Kalra,63e64a74c2b1cb6b347595a1,,,,,,,,,,,com.atlassian.servicedesk.plugins.approvals.internal.customfield.ApprovalsCFValue@7f169fdb,,,,,,,,,,,,,,,,0|i000en:,,,JP1 Sprint 1,,,,,,,,,,,,,10135,JP1-37,WRITE FUNCTINALITY TEST CASE FOR MY COURSES PAGE,To Do,02/Apr/26 10:05 AM
WRITE FUNCTINALITY TEST CASE FOR CONTINUE LEARNING,JP1-53,10164,Sub-task,To Do,JP1,Jira Proj 1,software,Nakul Kalra,63e64a74c2b1cb6b347595a1,,Medium,,,,Nakul Kalra,63e64a74c2b1cb6b347595a1,Nakul Kalra,63e64a74c2b1cb6b347595a1,02/Apr/26 10:05 AM,02/Apr/26 10:05 AM,,,,,0,,,Nakul Kalra,63e64a74c2b1cb6b347595a1,,,,,,,,,,,com.atlassian.servicedesk.plugins.approvals.internal.customfield.ApprovalsCFValue@185c6bcf,,,,,,,,,,,,,,,,0|i000ev:,,,JP1 Sprint 1,,,,,,,,,,,,,10135,JP1-37,WRITE FUNCTINALITY TEST CASE FOR MY COURSES PAGE,To Do,02/Apr/26 10:05 AM
WRITE FUNCTINALITY TEST CASE FOR VIDEO PLAYER,JP1-38,10136,Task,To Do,JP1,Jira Proj 1,software,Nakul Kalra,63e64a74c2b1cb6b347595a1,,Medium,,,,Nakul Kalra,63e64a74c2b1cb6b347595a1,Nakul Kalra,63e64a74c2b1cb6b347595a1,02/Apr/26 9:41 AM,02/Apr/26 9:41 AM,02/Apr/26 10:08 AM,,RELEASE1,,0,,,Nakul Kalra,63e64a74c2b1cb6b347595a1,,,,,,,,,,,com.atlassian.servicedesk.plugins.approvals.internal.customfield.ApprovalsCFValue@59171eee,,,,,,,,,,,,,,,,0|i000br:,,,JP1 Sprint 1,,,,,,,,,,,,,,,,To Do,02/Apr/26 9:41 AM
WRITE FUNCTINALITY TEST CASE FOR LECTURE PLAYBACK,JP1-54,10166,Sub-task,To Do,JP1,Jira Proj 1,software,Nakul Kalra,63e64a74c2b1cb6b347595a1,,Medium,,,,Nakul Kalra,63e64a74c2b1cb6b347595a1,Nakul Kalra,63e64a74c2b1cb6b347595a1,02/Apr/26 10:06 AM,02/Apr/26 10:06 AM,,,,,0,,,Nakul Kalra,63e64a74c2b1cb6b347595a1,,,,,,,,,,,com.atlassian.servicedesk.plugins.approvals.internal.customfield.ApprovalsCFValue@2669957b,,,,,,,,,,,,,,,,0|i000f3:,,,JP1 Sprint 1,,,,,,,,,,,,,10136,JP1-38,WRITE FUNCTINALITY TEST CASE FOR VIDEO PLAYER,To Do,02/Apr/26 10:06 AM
WRITE FUNCTINALITY TEST CASE FOR PROGRESS TRACKING,JP1-55,10168,Sub-task,To Do,JP1,Jira Proj 1,software,Nakul Kalra,63e64a74c2b1cb6b347595a1,,Medium,,,,Nakul Kalra,63e64a74c2b1cb6b347595a1,Nakul Kalra,63e64a74c2b1cb6b347595a1,02/Apr/26 10:06 AM,02/Apr/26 10:06 AM,,,,,0,,,Nakul Kalra,63e64a74c2b1cb6b347595a1,,,,,,,,,,,com.atlassian.servicedesk.plugins.approvals.internal.customfield.ApprovalsCFValue@422bca04,,,,,,,,,,,,,,,,0|i000fb:,,,JP1 Sprint 1,,,,,,,,,,,,,10136,JP1-38,WRITE FUNCTINALITY TEST CASE FOR VIDEO PLAYER,To Do,02/Apr/26 10:06 AM
WRITE FUNCTINALITY TEST CASE FOR NEXT LECTURE,JP1-56,10170,Sub-task,To Do,JP1,Jira Proj 1,software,Nakul Kalra,63e64a74c2b1cb6b347595a1,,Medium,,,,Nakul Kalra,63e64a74c2b1cb6b347595a1,Nakul Kalra,63e64a74c2b1cb6b347595a1,02/Apr/26 10:08 AM,02/Apr/26 10:08 AM,,,,,0,,,Nakul Kalra,63e64a74c2b1cb6b347595a1,,,,,,,,,,,com.atlassian.servicedesk.plugins.approvals.internal.customfield.ApprovalsCFValue@3d84f490,,,,,,,,,,,,,,,,0|i000fj:,,,JP1 Sprint 1,,,,,,,,,,,,,10136,JP1-38,WRITE FUNCTINALITY TEST CASE FOR VIDEO PLAYER,To Do,02/Apr/26 10:08 AM
WRITE FUNCTINALITY TEST CASE FOR REVIEWS & RATING,JP1-39,10137,Task,To Do,JP1,Jira Proj 1,software,Nakul Kalra,63e64a74c2b1cb6b347595a1,,Medium,,,,Nakul Kalra,63e64a74c2b1cb6b347595a1,Nakul Kalra,63e64a74c2b1cb6b347595a1,02/Apr/26 9:41 AM,02/Apr/26 9:41 AM,02/Apr/26 10:08 AM,,RELEASE1,,0,,,Nakul Kalra,63e64a74c2b1cb6b347595a1,,,,,,,,,,,com.atlassian.servicedesk.plugins.approvals.internal.customfield.ApprovalsCFValue@503b8f6a,,,,,,,,,,,,,,,,0|i000bz:,,,JP1 Sprint 1,,,,,,,,,,,,,,,,To Do,02/Apr/26 9:41 AM
WRITE FUNCTINALITY TEST CASE FOR ADD REVIEW,JP1-57,10172,Sub-task,To Do,JP1,Jira Proj 1,software,Nakul Kalra,63e64a74c2b1cb6b347595a1,,Medium,,,,Nakul Kalra,63e64a74c2b1cb6b347595a1,Nakul Kalra,63e64a74c2b1cb6b347595a1,02/Apr/26 10:08 AM,02/Apr/26 10:08 AM,,,,,0,,,Nakul Kalra,63e64a74c2b1cb6b347595a1,,,,,,,,,,,com.atlassian.servicedesk.plugins.approvals.internal.customfield.ApprovalsCFValue@577c2b60,,,,,,,,,,,,,,,,0|i000fr:,,,JP1 Sprint 1,,,,,,,,,,,,,10137,JP1-39,WRITE FUNCTINALITY TEST CASE FOR REVIEWS & RATING,To Do,02/Apr/26 10:08 AM
WRITE FUNCTINALITY TEST CASE FOR VIEW REVIEWS,JP1-58,10174,Sub-task,To Do,JP1,Jira Proj 1,software,Nakul Kalra,63e64a74c2b1cb6b347595a1,,Medium,,,,Nakul Kalra,63e64a74c2b1cb6b347595a1,Nakul Kalra,63e64a74c2b1cb6b347595a1,02/Apr/26 10:09 AM,02/Apr/26 10:09 AM,,,,,0,,,Nakul Kalra,63e64a74c2b1cb6b347595a1,,,,,,,,,,,com.atlassian.servicedesk.plugins.approvals.internal.customfield.ApprovalsCFValue@2eac32cd,,,,,,,,,,,,,,,,0|i000fz:,,,JP1 Sprint 1,,,,,,,,,,,,,10137,JP1-39,WRITE FUNCTINALITY TEST CASE FOR REVIEWS & RATING,To Do,02/Apr/26 10:09 AM
USER IS ABLE TO RE-REGISTER WITH EXISTING EMAIL,JP1-59,10176,Bug,To Do,JP1,Jira Proj 1,software,Nakul Kalra,63e64a74c2b1cb6b347595a1,,Highest,,aadii nairr,712020:996feeb5-da0b-4eb7-8848-3d1c79873997,Nakul Kalra,63e64a74c2b1cb6b347595a1,Nakul Kalra,63e64a74c2b1cb6b347595a1,02/Apr/26 11:36 AM,02/Apr/26 11:39 AM,02/Apr/26 11:37 AM,,RELEASE1,,0,"STEP 1: CREATE AN ACCOUNT WITH VALID DETAILS

STEP 2: START A NEW SESSION AND REENTER THE SAME REGISTERED EMAIL WITH DIFFERENT PASSWORD

STEP 3: CLICK ON CREATE ACCOUNT",,Nakul Kalra,63e64a74c2b1cb6b347595a1,,,,,,,,,,,com.atlassian.servicedesk.plugins.approvals.internal.customfield.ApprovalsCFValue@4e30191a,,,,,,,,,,,,,,,,0|i000g7:,,,JP1 Sprint 1,,,,,,,,,,,,,10053,JP1-1,USER MANAGEMENT,To Do,02/Apr/26 11:36 AM
